Entity,Code,Year,Share of one person households,"GDP per capita, PPP (constant 2017 international $)",Population (historical estimates),Continent
West Germany,OWID_GFR,1971,26.72,,,Europe
United States,USA,1971,17.66957855,,211384079.0,North America
Venezuela,VEN,1971,8.232542165,,11745952.0,South America
Indonesia,IDN,1971,4.667492608,,117880146.0,Asia
Nicaragua,NIC,1971,4.209931926,,2481345.0,North America
East Germany,OWID_GDR,1971,25.98,,,Europe
United States,USA,1972,18.28094101,,213269805.0,North America
Paraguay,PRY,1972,6.208800362,,2597149.0,South America
West Germany,OWID_GFR,1972,26.15,,,Europe
Israel,ISR,1972,12.35974909,,2996475.0,Asia
United States,USA,1973,18.51254845,,215178797.0,North America
West Germany,OWID_GFR,1973,26.13,,,Europe
Costa Rica,CRI,1973,4.732385848,,1992522.0,North America
Ecuador,ECU,1974,6.938578841,,6803271.0,South America
United States,USA,1974,19.13568687,,217114898.0,North America
West Germany,OWID_GFR,1974,27.19,,,Europe
United States,USA,1975,19.59926796,,219081250.0,North America
West Germany,OWID_GFR,1975,27.63,,,Europe
Uruguay,URY,1975,14.39234955,,2830172.0,South America
Japan,JPN,1975,19.53020859,,112413362.0,Asia
Indonesia,IDN,1976,4.668445889,,133966940.0,Asia
West Germany,OWID_GFR,1976,28.68,,,Europe
United States,USA,1976,20.56212044,,221086427.0,North America
Fiji,FJI,1976,3.205128205,,587561.0,Oceania
United States,USA,1977,20.94898987,,223135659.0,North America
West Germany,OWID_GFR,1977,29.22,,,Europe
United States,USA,1978,21.98474312,,225223307.0,North America
West Germany,OWID_GFR,1978,29.28,,,Europe
United States,USA,1979,22.24363136,,227339321.0,North America
West Germany,OWID_GFR,1979,30.03,,,Europe
Malaysia,MYS,1980,8.92490299,,13798094.0,Asia
Trinidad and Tobago,TTO,1980,14.02436454,,1084743.0,North America
Japan,JPN,1980,19.83397675,,117816942.0,Asia
Panama,PAN,1980,11.26521507,,1978489.0,North America
Thailand,THA,1980,3.841155891,,47374463.0,Asia
United States,USA,1980,22.65029144,,229476360.0,North America
Brazil,BRA,1980,6.12647022,,120694012.0,South America
West Germany,OWID_GFR,1980,30.2,,,Europe
Puerto Rico,PRI,1980,12.27534602,,3090688.0,North America
Indonesia,IDN,1980,4.641785932,,147447834.0,Asia
Argentina,ARG,1980,10.38154609,,27896532.0,South America
Botswana,BWA,1981,10.82652881,,930412.0,Africa
United States,USA,1981,22.98950958,,231636065.0,North America
West Germany,OWID_GFR,1981,30.8,,,Europe
Venezuela,VEN,1981,6.813819578,,15597878.0,South America
East Germany,OWID_GDR,1981,26.55,,,Europe
Paraguay,PRY,1982,5.761969621,,3368763.0,South America
Chile,CHL,1982,6.945170983,,11743909.0,South America
Ecuador,ECU,1982,7.687129694,,8409396.0,South America
China,CHN,1982,7.993996544,,1027948989.0,Asia
United States,USA,1982,23.17094994,,233821851.0,North America
West Germany,OWID_GFR,1982,31.28,,,Europe
Jamaica,JAM,1982,19.19385425,,2234062.0,North America
Morocco,MAR,1982,7.224319098,,20984023.0,Africa
United States,USA,1983,22.93906021,,236030236.0,North America
India,IND,1983,7.817784281,,749428958.0,Asia
Israel,ISR,1983,17.53003921,,3903954.0,Asia
United States,USA,1984,23.3634243,,238256849.0,North America
Costa Rica,CRI,1984,5.364396188,,2664220.0,North America
Uruguay,URY,1985,14.97694251,,3011519.0,South America
West Germany,OWID_GFR,1985,33.61,,,Europe
Indonesia,IDN,1985,4.880121883,,164982452.0,Asia
United States,USA,1985,23.73803139,,240499822.0,North America
Japan,JPN,1985,20.78630638,,121883483.0,Asia
West Germany,OWID_GFR,1986,34.32,,,Europe
United States,USA,1986,23.94130516,,242763137.0,North America
Fiji,FJI,1986,3.619322278,,718642.0,Oceania
United States,USA,1987,23.61224365,,245052780.0,North America
India,IND,1987,7.240799153,,819682095.0,Asia
West Germany,OWID_GFR,1987,34.64,,,Europe
United States,USA,1988,24.03641319,,247372258.0,North America
West Germany,OWID_GFR,1988,34.9,,,Europe
United States,USA,1989,24.46191978,,249725809.0,North America
Vietnam,VNM,1989,4.986699995,,66550231.0,Asia
West Germany,OWID_GFR,1989,35.28,,,Europe
Mongolia,MNG,1989,9.296672022,,2141005.0,Asia
Indonesia,IDN,1990,5.419497167,4532.54035135559,181413398.0,Asia
Puerto Rico,PRI,1990,14.49140263,21595.9785599867,3403168.0,North America
Japan,JPN,1990,23.08716583,32168.764113869,124505243.0,Asia
Trinidad and Tobago,TTO,1990,13.72277155,10080.8378671643,1221121.0,North America
Ecuador,ECU,1990,7.636873528,8293.7406745374,10230931.0,South America
West Germany,OWID_GFR,1990,34.96,,,Europe
United States,USA,1990,24.63817787,40411.1603398638,252120309.0,North America
Mexico,MEX,1990,4.871502415,14949.0301460641,83943135.0,North America
Nigeria,NGA,1990,10.99783798,3259.64290040807,95212454.0,Africa
Colombia,COL,1990,6.624852222,8307.25326013412,33102569.0,South America
Thailand,THA,1990,5.00171926,7102.05626415201,56558196.0,Asia
Panama,PAN,1990,11.70087195,10726.0027523866,2470946.0,North America
Venezuela,VEN,1990,6.816226754,,19632665.0,South America
China,CHN,1990,6.318387325,1423.89634790711,1176883681.0,Asia
Pakistan,PAK,1991,2.947397578,2976.9125425738,110778655.0,Asia
Botswana,BWA,1991,18.04127444,9460.14504314027,1326321.0,Africa
New Zealand,NZL,1991,20.22908211,26466.6734593338,3446171.0,Oceania
Peru,PER,1991,3.049015941,5258.2601899355,22522383.0,South America
Brazil,BRA,1991,6.668220469,10493.9283113252,151648007.0,South America
Yemen,YEM,1991,3.162343185,,12302127.0,Asia
Cameroon,CMR,1991,14.18673138,3008.80209665998,12137912.0,Africa
Jamaica,JAM,1991,19.74721392,8936.36235785947,2439329.0,North America
United States,USA,1991,25.01272392,39831.5856925435,254539371.0,North America
Malaysia,MYS,1991,7.61448575,10991.0680955374,18519941.0,Asia
Chile,CHL,1992,8.316079008,11421.0381821524,13719818.0,South America
El Salvador,SLV,1992,7.551529044,5563.93986422437,5416327.0,North America
Malawi,MWI,1992,7.87060207,915.738914786186,9685974.0,Africa
United States,USA,1992,25.05931854,40666.7005788686,256990608.0,North America
Madagascar,MDG,1992,6.572123791,1656.34422495183,12301338.0,Africa
Zambia,ZMB,1992,6.59172065,2045.97349872925,8451346.0,Africa
Tanzania,TZA,1992,8.975127526,1336.38027751551,26961204.0,Africa
Paraguay,PRY,1992,7.430100303,8475.91879498154,4445019.0,South America
Namibia,NAM,1992,8.636336103,6511.89845246324,1516951.0,Africa
Niger,NER,1992,4.516281782,1070.35281716523,8566773.0,Africa
Rwanda,RWA,1992,5.34079179,1051.32207334206,6702239.0,Africa
Egypt,EGY,1992,4.613305956,6152.92900367738,58666812.0,Africa
India,IND,1993,6.946856583,1906.41205810118,927403866.0,Asia
Philippines,PHL,1993,2.77002466,4006.69625405473,66593903.0,Asia
Kenya,KEN,1993,14.48191377,2942.36297105563,26136217.0,Africa
Ghana,GHA,1993,24.31642304,2463.62638937279,16106756.0,Africa
United States,USA,1993,24.43116951,41238.7826060853,259532130.0,North America
Senegal,SEN,1993,5.158730159,2385.08946407099,8226749.0,Africa
Burkina Faso,BFA,1993,5.025886644,1061.58686401122,9552473.0,Africa
Bolivia,BOL,1994,8.234653737,4925.10776358284,7466792.0,South America
Central African Republic,CAF,1994,13.50336163,1053.74593400989,3135017.0,Africa
United States,USA,1994,24.31441689,42377.3555142458,262241204.0,North America
Bangladesh,BGD,1994,1.545442896,1648.73402343608,112737684.0,Asia
Cote d'Ivoire,CIV,1994,13.88433708,3922.8172395173,13735438.0,Africa
Haiti,HTI,1994,8.072025276,2401.8268154123,7602318.0,North America
Zimbabwe,ZWE,1994,13.49857286,3529.59241875636,11261752.0,Africa
Morocco,MAR,1994,5.945524871,4101.79832318845,26584473.0,Africa
Uganda,UGA,1995,10.62894836,1082.92778362102,20413157.0,Africa
Japan,JPN,1995,25.60229683,34081.8984230205,126365486.0,Asia
Israel,ISR,1995,19.65662802,28338.1521496227,5271368.0,Asia
United States,USA,1995,24.98434258,42999.7887136753,265163740.0,North America
Guatemala,GTM,1995,3.798205227,6033.04269504362,10408486.0,North America
Kazakhstan,KAZ,1995,11.6253231,8552.45199652571,15839357.0,Asia
Indonesia,IDN,1995,5.697882449,5892.07175353953,196934257.0,Asia
Colombia,COL,1995,6.390415956,9400.30919748867,36421438.0,South America
Nicaragua,NIC,1995,3.813954728,3384.84140400121,4652185.0,North America
Egypt,EGY,1995,5.403063128,6483.31562051125,62334025.0,Africa
Mexico,MEX,1995,5.794888726,14808.8071185208,91663290.0,North America
Mali,MLI,1996,5.579503837,1520.45692817007,9837575.0,Africa
Peru,PER,1996,6.269220037,6210.22264216459,24753825.0,South America
South Africa,ZAF,1996,16.22959344,9761.73895451024,42241007.0,Africa
United States,USA,1996,24.9932251,44105.8274590707,268335007.0,North America
Uzbekistan,UZB,1996,5.262791517,2488.79038317283,23225303.0,Asia
Australia,AUS,1996,22.1,33778.0635392223,18189274.0,Oceania
Benin,BEN,1996,8.703389939,2277.76181597777,6094272.0,Africa
Tanzania,TZA,1996,8.934231506,1317.55985786958,30444523.0,Africa
Dominican Republic,DOM,1996,8.312300349,7707.39519571147,7952766.0,North America
Comoros,COM,1996,2.31316726,2642.09376873253,488625.0,Africa
Fiji,FJI,1996,3.98353565,9344.22253139498,784389.0,Oceania
Uruguay,URY,1996,16.93861374,13569.8090245336,3247383.0,South America
Zambia,ZMB,1996,6.058426918,1974.61506963396,9339740.0,Africa
New Zealand,NZL,1996,20.23293304,30409.0906623468,3717352.0,Oceania
Nepal,NPL,1996,3.190334167,1876.46428621239,22090352.0,Asia
Iraq,IRQ,1997,1.226552676,5535.86523493283,21439579.0,Asia
Palestine,PSE,1997,3.306351565,4294.74609802983,2872006.0,Asia
Mozambique,MOZ,1997,9.601877067,548.347795240673,16397175.0,Africa
Jordan,JOR,1997,4.682568451,8318.49707084427,4848536.0,Asia
Senegal,SEN,1997,4.362833656,2381.50689843018,9130876.0,Africa
United States,USA,1997,25.14601326,45516.0023303908,271713634.0,North America
Chad,TCD,1997,9.559245282,949.080823950917,7503494.0,Africa
Madagascar,MDG,1997,6.680118504,1560.97384439889,14347860.0,Africa
Bangladesh,BGD,1997,1.883779236,1775.9641175023,120160571.0,Asia
Cameroon,CMR,1998,12.70167367,2683.49769260792,14723772.0,Africa
Togo,TGO,1998,12.47817234,1777.76419887528,4632451.0,Africa
Niger,NER,1998,4.809551946,1017.39891269833,10545720.0,Africa
Kenya,KEN,1998,15.7811697,2944.29905595124,30250488.0,Africa
Bolivia,BOL,1998,10.00911794,5469.46974118482,8096761.0,South America
United States,USA,1998,25.67786407,47004.6141333405,275175309.0,North America
Philippines,PHL,1998,4.074593748,4322.02914131141,74672009.0,Asia
Cote d'Ivoire,CIV,1998,11.40531471,4342.12577428784,15589407.0,Africa
Kazakhstan,KAZ,1999,13.14019914,9330.56478866572,15020573.0,Asia
India,IND,1999,6.562453743,2527.50834683315,1038058154.0,Asia
United States,USA,1999,25.61372375,48676.6590175622,278548148.0,North America
Kyrgyzstan,KGZ,1999,9.337902338,2954.95412236834,4861121.0,Asia
Vietnam,VNM,1999,4.356472697,2797.78553636303,79035871.0,Asia
Belarus,BLR,1999,26.15616081,7575.91832595163,9924440.0,Europe
Guatemala,GTM,1999,4.095099119,6428.04797615096,11387208.0,North America
Zimbabwe,ZWE,1999,15.56173872,3893.93056159773,11822722.0,Africa
Guinea,GIN,1999,4.642497932,1701.72975154262,8054745.0,Africa
Nigeria,NGA,1999,11.30491763,2906.72396750425,119260055.0,Africa
Dominican Republic,DOM,1999,8.146564136,9043.59778325591,8343288.0,North America
Tanzania,TZA,1999,9.244577922,1382.10616826971,32682240.0,Africa
Ghana,GHA,1999,26.1342729,2702.62334776541,18812369.0,Africa
Burkina Faso,BFA,1999,4.390338573,1309.40259006182,11282696.0,Africa
Namibia,NAM,2000,9.395000398,6804.86674286238,1794583.0,Africa
Haiti,HTI,2000,8.199069513,2684.55192559431,8463802.0,North America
Egypt,EGY,2000,4.973597495,7744.71523809311,68831561.0,Africa
United States,USA,2000,25.52313614,50124.8911771197,281710914.0,North America
Uganda,UGA,2000,11.0589633,1252.75213083501,23650159.0,Africa
Malawi,MWI,2000,7.998310707,1107.53789395445,11148751.0,Africa
Malaysia,MYS,2000,7.139491293,15917.0571666512,23194252.0,Asia
Ethiopia,ETH,2000,5.125731809,727.766684744805,66224808.0,Africa
Bermuda,BMU,2000,27.87498012,83181.5263421175,65016.0,North America
Singapore,SGP,2000,8.238424636,56106.7320153462,4028872.0,Asia
Mongolia,MNG,2000,6.606338212,4528.95594640011,2397417.0,Asia
Mexico,MEX,2000,6.43639734,17756.5664680698,98899845.0,North America
Gabon,GAB,2000,19.28867044,16567.2456051163,1228359.0,Africa
Costa Rica,CRI,2000,8.001707586,12624.0705682992,3962369.0,North America
Brazil,BRA,2000,8.929955111,11600.9484568395,174790339.0,South America
Rwanda,RWA,2000,5.994879034,867.61519073836,7933688.0,Africa
Peru,PER,2000,8.228381981,6422.4805683104,26459944.0,South America
Cambodia,KHM,2000,1.865142063,1481.65682787052,12155241.0,Asia
Armenia,ARM,2000,8.410597501,4048.24990407114,3069597.0,Asia
Japan,JPN,2000,27.59867477,35611.8039052511,127524168.0,Asia
Puerto Rico,PRI,2000,18.42173904,30124.6931208743,3668955.0,North America
Thailand,THA,2000,8.698742956,9809.62237014961,62952639.0,Asia
Indonesia,IDN,2000,6.676955657,5689.26022293799,211513822.0,Asia
Panama,PAN,2000,12.74208971,14507.7959728498,3030333.0,North America
Bangladesh,BGD,2000,1.5271554,1937.72919211467,127657862.0,Asia
Colombia,COL,2000,7.672811586,9042.66279139813,39629965.0,South America
Trinidad and Tobago,TTO,2000,15.18771331,16939.5254674584,1267159.0,North America
China,CHN,2000,8.589161342,3451.67923092858,1290550767.0,Asia
Mali,MLI,2001,7.348353409,1823.84068813724,11271603.0,Africa
Argentina,ARG,2001,14.88346843,17610.7553863202,37275644.0,South America
Jamaica,JAM,2001,23.30160762,9399.37061985987,2674706.0,North America
Nepal,NPL,2001,3.97986929,2141.0670348476,24347113.0,Asia
New Zealand,NZL,2001,23.38380432,33775.232657194,3907941.0,Oceania
Benin,BEN,2001,11.85959957,2532.63405180985,7076728.0,Africa
Canada,CAN,2001,25.74493156,37309.6497953194,30880072.0,North America
Venezuela,VEN,2001,7.562009966,,24646471.0,South America
Australia,AUS,2001,22.9,38559.9041923683,19194676.0,Oceania
Botswana,BWA,2001,23.27897208,11253.9430497053,1674674.0,Africa
United States,USA,2001,26.06714821,50126.7202222598,284607992.0,North America
South Africa,ZAF,2001,18.5993172,10224.0233326686,45571272.0,Africa
Ecuador,ECU,2001,9.157058138,8350.88532837319,12914660.0,South America
Chile,CHL,2002,11.42539368,16293.18583341,15684413.0,South America
Russia,RUS,2002,22.27498144,16175.0971950813,145215707.0,Europe
Cuba,CUB,2002,13.73013554,,11199664.0,North America
Paraguay,PRY,2002,8.088676944,8138.10485337466,5531958.0,South America
United States,USA,2002,26.3273468,50528.7885768372,287279312.0,North America
Zambia,ZMB,2002,6.345220534,2080.19569038468,10971704.0,Africa
Jordan,JOR,2002,4.544476743,9377.64537255967,5317514.0,Asia
Georgia,GEO,2002,16.30066331,5572.62200637586,4258573.0,Asia
Dominican Republic,DOM,2002,11.03890575,9690.5988753623,8724974.0,North America
Ghana,GHA,2003,20.76049926,2905.01641475462,20750308.0,Africa
Mozambique,MOZ,2003,6.647905944,756.594282288843,19331097.0,Africa
Bolivia,BOL,2003,12.12090141,5479.26691066365,8905820.0,South America
Kenya,KEN,2003,13.99101313,2839.09457594395,34678781.0,Africa
Nigeria,NGA,2003,11.66963467,3619.14020790471,131900633.0,Africa
Greece,GRC,2003,19.7,33040.7682982488,11218879.0,Europe
Denmark,DNK,2003,43.8,49262.6449732556,5386968.0,Europe
Egypt,EGY,2003,5.762410306,8007.6450292324,72826102.0,Africa
Ireland,IRL,2003,21.7,53184.8832221364,3980077.0,Europe
United States,USA,2003,26.44817543,51529.7264039287,289815567.0,North America
Burkina Faso,BFA,2003,6.14808834,1426.61671204758,12654624.0,Africa
Norway,NOR,2003,40.3,58728.1752425985,4570096.0,Europe
Austria,AUT,2003,31.6,47564.8638976916,8175855.0,Europe
Luxembourg,LUX,2003,29.3,100226.521534938,447317.0,Europe
Philippines,PHL,2003,4.144139239,4697.48565008809,83051970.0,Asia
Belgium,BEL,2003,33.0,44160.0566799357,10419029.0,Europe
Belgium,BEL,2004,32.4,45539.5854609401,10480118.0,Europe
Ireland,IRL,2004,21.4,55763.260487446,4058131.0,Europe
Madagascar,MDG,2004,7.219479869,1533.69908791924,17802992.0,Africa
Chad,TCD,2004,8.028637267,1430.36832482671,9734761.0,Africa
Bangladesh,BGD,2004,1.702454098,2171.68867544338,136986429.0,Asia
Luxembourg,LUX,2004,29.3,102381.312977526,451822.0,Europe
Italy,ITA,2004,26.8,44118.0366368665,57948421.0,Europe
Tanzania,TZA,2004,8.831081538,1645.83993957107,37379766.0,Africa
Morocco,MAR,2004,5.880234065,5120.82594400246,30115196.0,Africa
Sweden,SWE,2004,41.7,44354.3910620977,8990653.0,Europe
Austria,AUT,2004,34.1,48563.5886574222,8216809.0,Europe
Malawi,MWI,2004,8.376442411,1080.92872560719,12301837.0,Africa
India,IND,2004,6.919352908,3054.91887624755,1129623466.0,Asia
Iceland,ISL,2004,29.5,46051.74388765,291102.0,Europe
Greece,GRC,2004,19.7,34627.1806747136,11234993.0,Europe
United States,USA,2004,26.41607094,52994.5519602027,292354663.0,North America
Spain,ESP,2004,23.2,37249.7735119425,43308345.0,Europe
Lesotho,LSO,2004,16.06067118,1894.32035122126,2005953.0,Africa
Moldova,MDA,2004,20.25371369,6710.46912061356,4167962.0,Europe
Estonia,EST,2004,32.0,23695.4929298202,1363570.0,Europe
Finland,FIN,2004,37.9,43724.9661225981,5242175.0,Europe
Denmark,DNK,2004,43.5,50446.5416048985,5402754.0,Europe
Cameroon,CMR,2004,17.60038526,3003.25098501748,17259322.0,Africa
Portugal,PRT,2004,16.6,30892.8198811263,10470926.0,Europe
France,FRA,2004,32.8,41272.6323754944,60697977.0,Europe
Norway,NOR,2004,41.1,60699.5854473669,4598210.0,Europe
Norway,NOR,2005,40.9,61870.3837851071,4632359.0,Europe
Guinea,GIN,2005,5.404126666,1794.38316206248,9109585.0,Africa
Japan,JPN,2005,29.4666481,37489.8533695016,128326115.0,Asia
Cyprus,CYP,2005,16.0,37803.5755253568,1027656.0,Europe
Hungary,HUN,2005,29.0,24355.7819172586,10085942.0,Europe
Sweden,SWE,2005,41.8,45440.2967492535,9038627.0,Europe
Ethiopia,ETH,2005,5.001709092,862.35534188426,76346310.0,Africa
Malta,MLT,2005,18.6,28992.9245490961,404659.0,Europe
Cambodia,KHM,2005,2.949574311,2120.55171733923,13273355.0,Asia
Estonia,EST,2005,31.1,26093.1591109829,1355650.0,Europe
Rwanda,RWA,2005,6.542097526,1148.44637245018,8840220.0,Africa
Guyana,GUY,2005,9.695523994,7965.37804381727,746156.0,South America
Armenia,ARM,2005,13.06479534,7419.87119017403,2981262.0,Asia
Germany,DEU,2005,37.1,43884.5352789987,81602739.0,Europe
Iceland,ISL,2005,28.7,48104.6518132004,294976.0,Europe
Spain,ESP,2005,21.7,37963.3658355296,44019118.0,Europe
Ireland,IRL,2005,21.7,57691.5616452959,4141218.0,Europe
Czechia,CZE,2005,22.8,30384.4466487841,10258165.0,Europe
Poland,POL,2005,25.2,18937.4751533604,38368957.0,Europe
Indonesia,IDN,2005,6.033661636,6699.27209089739,226289468.0,Asia
Portugal,PRT,2005,16.6,31076.6441205289,10508494.0,Europe
Lithuania,LTU,2005,28.4,21053.1846048184,3344259.0,Europe
South Korea,KOR,2005,19.957509,28640.7062360909,48701069.0,Asia
Italy,ITA,2005,27.5,44260.8274173515,58281209.0,Europe
Senegal,SEN,2005,6.589216079,2758.35344646235,11090123.0,Africa
Denmark,DNK,2005,43.7,51483.273786293,5421701.0,Europe
Austria,AUT,2005,34.5,49316.2647023136,8253656.0,Europe
Bulgaria,BGR,2005,18.6,14356.019677453,7686964.0,Europe
Slovakia,SVK,2005,23.6,20072.3500036399,5398962.0,Europe
Peru,PER,2005,11.71401961,7519.02906932011,27866140.0,South America
Egypt,EGY,2005,5.2738374,8397.03244402289,75523576.0,Africa
Luxembourg,LUX,2005,29.3,104025.415860951,457848.0,Europe
United States,USA,2005,26.58920288,54353.0685764315,294993509.0,North America
Slovenia,SVN,2005,21.3,31133.7151910898,1994979.0,Europe
Greece,GRC,2005,19.8,34732.6440722251,11224800.0,Europe
Netherlands,NLD,2005,34.6,49467.4354267059,16367153.0,Europe
Puerto Rico,PRI,2005,20.87134965,34370.7146069867,3631885.0,North America
Zimbabwe,ZWE,2005,10.15553456,2517.67270711744,12076697.0,Africa
Colombia,COL,2005,7.650872912,10049.1261807666,42647731.0,South America
United Kingdom,GBR,2005,32.0,42629.9482187521,60287953.0,Europe
Congo,COG,2005,8.861331316,4638.19394755187,3622775.0,Africa
Cote d'Ivoire,CIV,2005,11.44494507,3670.1809218819,18354513.0,Africa
Belgium,BEL,2005,33.9,46341.2896407062,10546885.0,Europe
Finland,FIN,2005,38.3,44786.9096643071,5258933.0,Europe
France,FRA,2005,31.4,41643.9888864457,61120128.0,Europe
Latvia,LVA,2005,25.3,20175.8162019511,2251996.0,Europe
Nicaragua,NIC,2005,4.58559197,4320.75032069298,5438692.0,North America
Turkey,TUR,2006,6.1,19277.5306892695,68756809.0,Asia
Senegal,SEN,2006,5.29975765,2750.19548003222,11382272.0,Africa
Bulgaria,BGR,2006,18.6,15449.4350933122,7631020.0,Europe
Lithuania,LTU,2006,28.1,22977.9966473047,3303329.0,Europe
Austria,AUT,2006,34.7,50767.8484448075,8285344.0,Europe
Portugal,PRT,2006,16.7,31524.7495680309,10542837.0,Europe
Denmark,DNK,2006,43.9,53322.2889991783,5444293.0,Europe
United States,USA,2006,26.62347794,55368.3597189657,297758977.0,North America
Slovenia,SVN,2006,20.4,32817.8881074677,2002427.0,Europe
France,FRA,2006,31.2,42367.5698646841,61508924.0,Europe
Germany,DEU,2006,38.1,45610.7818923168,81472235.0,Europe
New Zealand,NZL,2006,23.02075577,37902.7517600146,4185881.0,Oceania
Iran,IRN,2006,5.204606365,12456.6098815859,70554756.0,Asia
Spain,ESP,2006,22.0,38858.4710684887,44728561.0,Europe
Czechia,CZE,2006,23.7,32352.8129664551,10298609.0,Europe
Netherlands,NLD,2006,35.0,51097.3626113331,16440091.0,Europe
Ireland,IRL,2006,21.9,58960.2155924038,4230619.0,Europe
Latvia,LVA,2006,25.3,22802.3663218124,2225063.0,Europe
Poland,POL,2006,25.1,20111.2996235069,38354447.0,Europe
Italy,ITA,2006,27.9,44918.1703531499,58542619.0,Europe
Nepal,NPL,2006,5.045855451,2330.32508449412,26066687.0,Asia
Malta,MLT,2006,18.9,29612.6017959763,406330.0,Europe
Iceland,ISL,2006,27.4,49956.8486452996,299727.0,Europe
Sweden,SWE,2006,41.3,47292.3136933265,9096170.0,Europe
Uruguay,URY,2006,19.77890368,15188.6444438979,3325403.0,South America
Finland,FIN,2006,38.5,46412.2003478176,5277490.0,Europe
Benin,BEN,2006,10.50150165,2606.8174487853,8216893.0,Africa
Belgium,BEL,2006,33.5,47211.6639573888,10619484.0,Europe
Norway,NOR,2006,43.3,62846.9582138128,4672986.0,Europe
United Kingdom,GBR,2006,31.2,43457.7017735188,60821349.0,Europe
Haiti,HTI,2006,8.616712165,2632.18426741693,9344784.0,North America
Honduras,HND,2006,5.523961152,4733.54786940426,7634295.0,North America
Greece,GRC,2006,19.8,36585.8395603871,11185231.0,Europe
Hong Kong,HKG,2006,16.5122571,46463.5837078363,6802083.0,Asia
Cyprus,CYP,2006,16.0,38930.6130534338,1045508.0,Europe
Hungary,HUN,2006,24.7,25377.0522205332,10055657.0,Europe
Luxembourg,LUX,2006,28.9,107681.016707959,465611.0,Europe
Slovakia,SVK,2006,24.2,21776.1292378063,5398674.0,Europe
Mali,MLI,2006,5.038954264,1983.70555095442,13203378.0,Africa
Canada,CAN,2006,26.75021528,43358.1823908414,32536994.0,North America
Pakistan,PAK,2006,1.272279818,3836.49274978763,164022626.0,Asia
Uganda,UGA,2006,10.84267703,1588.7750631384,28571475.0,Africa
Niger,NER,2006,3.681666699,981.158183921912,14143969.0,Africa
Estonia,EST,2006,33.2,28798.4026229086,1349373.0,Europe
Poland,POL,2007,25.2,21543.1637013335,38353339.0,Europe
Switzerland,CHE,2007,31.2,65641.7106078648,7536986.0,Europe
Lithuania,LTU,2007,27.0,25835.3680157114,3258984.0,Europe
Romania,ROU,2007,23.3,19833.9678688588,21034196.0,Europe
Jordan,JOR,2007,5.279055394,11399.9655461346,6255290.0,Asia
Austria,AUT,2007,35.0,52489.7572106205,8313731.0,Europe
Turkey,TUR,2007,6.5,20009.688894664,69581854.0,Asia
Spain,ESP,2007,22.0,39520.8222657597,45429071.0,Europe
Portugal,PRT,2007,17.0,32251.5690977426,10573150.0,Europe
Angola,AGO,2007,4.082941892,7341.86519904765,20905360.0,Africa
Sweden,SWE,2007,39.5,48557.3843477247,9162941.0,Europe
Italy,ITA,2007,28.7,45356.5367193485,58747862.0,Europe
Liberia,LBR,2007,7.328538518,1333.42222339949,3461911.0,Africa
Cyprus,CYP,2007,16.0,40053.4137891646,1063708.0,Europe
French Polynesia,PYF,2007,13.17600787,,262717.0,Oceania
Luxembourg,LUX,2007,28.9,114889.17999422,474917.0,Europe
Latvia,LVA,2007,26.6,25294.3887250425,2198089.0,Europe
Estonia,EST,2007,33.6,31121.1197640419,1344295.0,Europe
Malta,MLT,2007,19.6,30918.4982683604,407854.0,Europe
Norway,NOR,2007,43.1,64062.4369139561,4719403.0,Europe
Slovakia,SVK,2007,24.5,24127.8846772888,5398693.0,Europe
Fiji,FJI,2007,5.546852335,10573.6168923303,836185.0,Oceania
Finland,FIN,2007,38.5,48664.265707071,5297741.0,Europe
Greece,GRC,2007,20.0,37687.4333370451,11120371.0,Europe
United Kingdom,GBR,2007,31.1,44138.5205042745,61455154.0,Europe
Belgium,BEL,2007,34.1,48589.4600517703,10697576.0,Europe
Tanzania,TZA,2007,7.917203975,1848.98547778787,40681416.0,Africa
United States,USA,2007,26.83538628,55873.2447409949,300608425.0,North America
France,FRA,2007,33.9,43127.2128556843,61869229.0,Europe
Namibia,NAM,2007,14.46713651,8735.71373581277,2006516.0,Africa
Germany,DEU,2007,38.4,47031.2137894261,81277836.0,Europe
Slovenia,SVN,2007,20.8,34912.8471788592,2012128.0,Europe
Netherlands,NLD,2007,35.2,52909.9697572206,16506651.0,Europe
El Salvador,SLV,2007,8.822713598,7238.19214441388,6105810.0,North America
Iceland,ISL,2007,27.5,52827.0101225049,305181.0,Europe
Hungary,HUN,2007,24.4,25477.9492943916,10024158.0,Europe
Zambia,ZMB,2007,7.729479128,2619.72136960841,12502958.0,Africa
Bangladesh,BGD,2007,2.257475128,2537.11119756525,142660381.0,Asia
Democratic Republic of Congo,COD,2007,6.727813033,817.069598483967,58453687.0,Africa
Denmark,DNK,2007,44.3,53569.0280238008,5469920.0,Europe
Bulgaria,BGR,2007,21.1,16583.9587844953,7576675.0,Europe
South Africa,ZAF,2007,18.12737212,12402.0494604229,49119766.0,Africa
Czechia,CZE,2007,23.8,33956.2459846788,10357535.0,Europe
Peru,PER,2007,11.71401961,8629.26453343658,28333050.0,South America
Dominican Republic,DOM,2007,12.22506648,11756.4666220014,9338856.0,North America
Palestine,PSE,2007,3.532289796,4750.92969249725,3756459.0,Asia
Ireland,IRL,2007,21.4,60326.6541545205,4324649.0,Europe
Poland,POL,2008,25.3,22444.9073474414,38356786.0,Europe
Sweden,SWE,2008,40.2,47963.4937520407,9236433.0,Europe
Luxembourg,LUX,2008,28.9,111409.723762355,485403.0,Europe
South Sudan,SSD,2008,4.32781149,,8736932.0,Africa
Philippines,PHL,2008,5.250545597,5618.48495292549,90901967.0,Asia
United Kingdom,GBR,2008,31.1,43670.4145844224,62145098.0,Europe
Romania,ROU,2008,23.4,22044.3066816204,20829521.0,Europe
Slovenia,SVN,2008,20.8,36081.1286420955,2023049.0,Europe
Sudan,SDN,2008,5.057340875,3048.29614857669,33060843.0,Africa
Nigeria,NGA,2008,17.78757132,4458.62229484372,150269622.0,Africa
Spain,ESP,2008,22.2,39240.3951876123,46068811.0,Europe
Netherlands,NLD,2008,35.5,53848.2522316971,16568105.0,Europe
Malta,MLT,2008,20.2,31893.3586848943,409493.0,Europe
Turkey,TUR,2008,6.9,19933.0672704029,70418612.0,Asia
Portugal,PRT,2008,17.6,32307.912767932,10595312.0,Europe
Lithuania,LTU,2008,30.0,26784.8800343204,3212867.0,Europe
Rwanda,RWA,2008,8.255909725,1393.0299015146,9524532.0,Africa
Norway,NOR,2008,41.1,63570.3612363011,4771014.0,Europe
Sierra Leone,SLE,2008,4.13401144,1360.1610981794,6133599.0,Africa
Slovakia,SVK,2008,24.2,25451.1517570416,5399362.0,Europe
Senegal,SEN,2008,3.884283821,2780.61530712335,12004700.0,Africa
Switzerland,CHE,2008,31.1,66598.8593697765,7622826.0,Europe
Egypt,EGY,2008,5.479661745,9763.50444936789,79636081.0,Africa
Belgium,BEL,2008,34.8,48422.5782305146,10778764.0,Europe
Italy,ITA,2008,29.3,44623.6020153057,58922116.0,Europe
Hungary,HUN,2008,24.1,25792.7025200493,9991867.0,Europe
Denmark,DNK,2008,45.8,52982.5317373493,5497731.0,Europe
Estonia,EST,2008,34.4,29616.6905059021,1340067.0,Europe
Cyprus,CYP,2008,20.8,40484.6149094716,1081568.0,Europe
Austria,AUT,2008,35.3,53089.8763414956,8341525.0,Europe
Iceland,ISL,2008,29.3,52999.4375361804,310855.0,Europe
Ghana,GHA,2008,21.92913739,3466.81399090962,23563832.0,Africa
Greece,GRC,2008,20.1,37461.5387708945,11040312.0,Europe
Bolivia,BOL,2008,12.76075304,6351.22621099244,9721457.0,South America
Finland,FIN,2008,39.2,48817.989492787,5319452.0,Europe
Bulgaria,BGR,2008,18.4,17717.1218284588,7524084.0,Europe
Latvia,LVA,2008,28.4,24711.1074481853,2171248.0,Europe
France,FRA,2008,34.6,42996.2097818165,62209207.0,Europe
Germany,DEU,2008,39.1,47573.0273603862,81065751.0,Europe
Ireland,IRL,2008,21.7,56485.699245268,4415871.0,Europe
United States,USA,2008,27.54424858,55271.6574674784,303486022.0,North America
Czechia,CZE,2008,24.8,34580.4433462984,10425267.0,Europe
Poland,POL,2009,25.3,23064.9537007667,38351924.0,Europe
Turkey,TUR,2009,7.7,18731.5193829907,71321406.0,Asia
Portugal,PRT,2009,17.5,31269.4104613004,10604066.0,Europe
Iceland,ISL,2009,30.3,48770.9503367158,316057.0,Europe
Cyprus,CYP,2009,20.8,38618.0093651325,1098089.0,Europe
Hungary,HUN,2009,24.1,24102.0136912384,9959439.0,Europe
Romania,ROU,2009,24.3,21002.2761402342,20637995.0,Europe
Guyana,GUY,2009,12.87004026,9454.09979877161,747718.0,South America
Czechia,CZE,2009,24.5,32782.6123492193,10488155.0,Europe
Germany,DEU,2009,39.5,44978.1198711897,80899961.0,Europe
United Kingdom,GBR,2009,30.9,41558.3008322127,62828620.0,Europe
France,FRA,2009,34.4,41546.4905796298,62542883.0,Europe
Finland,FIN,2009,39.8,44662.100140396,5342266.0,Europe
Mozambique,MOZ,2009,9.515043252,991.322834728107,22894718.0,Africa
United States,USA,2009,27.01547241,53399.3656316179,306307565.0,North America
Norway,NOR,2009,40.9,61689.5777152826,4826847.0,Europe
Greece,GRC,2009,20.2,35756.2455188034,10959268.0,Europe
Uganda,UGA,2009,11.31977307,1819.00118154645,31411096.0,Africa
Estonia,EST,2009,34.2,25390.753967296,1336140.0,Europe
Latvia,LVA,2009,29.7,21540.0855594708,2144784.0,Europe
Denmark,DNK,2009,46.1,50114.0500523227,5526389.0,Europe
Madagascar,MDG,2009,7.120491551,1587.56703518614,20569115.0,Africa
Vietnam,VNM,2009,7.281823706,4830.30506933291,87092250.0,Asia
Peru,PER,2009,11.43541309,9368.04546271701,28792663.0,South America
Malta,MLT,2009,20.9,31294.902312803,411559.0,Europe
India,IND,2009,7.664429863,3956.35901634772,1217726217.0,Asia
Congo,COG,2009,12.26820632,4851.12682625449,4145399.0,Africa
Lithuania,LTU,2009,30.4,23065.0619581523,3167270.0,Europe
Switzerland,CHE,2009,31.9,64404.0798614014,7713902.0,Europe
Sweden,SWE,2009,43.4,45492.768174936,9313085.0,Europe
Kyrgyzstan,KGZ,2009,8.548256687,4210.62634731705,5334708.0,Asia
Kenya,KEN,2009,14.8806381,3156.43683396753,40901798.0,Africa
Lesotho,LSO,2009,18.72795858,2235.40528153398,1990135.0,Africa
Jordan,JOR,2009,4.601669512,11650.3643637747,6893258.0,Asia
Liberia,LBR,2009,7.04540924,1387.3297311429,3754129.0,Africa
Spain,ESP,2009,22.4,37430.6785045715,46583566.0,Europe
Austria,AUT,2009,35.7,50957.6063796813,8372657.0,Europe
Azerbaijan,AZE,2009,6.766349797,13822.0911094279,8924383.0,Asia
Belarus,BLR,2009,29.65364786,16010.439955622,9433159.0,Europe
Slovenia,SVN,2009,20.8,33057.4147493548,2033807.0,Europe
Belgium,BEL,2009,34.6,47063.8790649801,10859934.0,Europe
Italy,ITA,2009,29.8,42074.9212455091,59105622.0,Europe
Slovakia,SVK,2009,23.8,24030.6118201304,5401149.0,Europe
Netherlands,NLD,2009,35.8,51607.6057272318,16626379.0,Europe
Luxembourg,LUX,2009,28.9,104598.831931338,496536.0,Europe
Ireland,IRL,2009,21.8,53077.386996912,4494572.0,Europe
Bulgaria,BGR,2009,19.1,17229.8494817825,7473509.0,Europe
Norway,NOR,2010,41.1,61353.4963937525,4885878.0,Europe
Bulgaria,BGR,2010,19.4,17440.671883099,7425011.0,Europe
Aruba,ABW,2010,21.36749684,34343.1513198843,101665.0,North America
Romania,ROU,2010,23.9,20303.1627966692,20471860.0,Europe
Armenia,ARM,2010,15.26327762,9286.19732701296,2877314.0,Asia
Burkina Faso,BFA,2010,6.326637238,1716.35832279765,15605211.0,Africa
Argentina,ARG,2010,17.59833909,23521.2701750961,40895751.0,South America
Colombia,COL,2010,9.438077262,11783.2999142858,45222699.0,South America
North Macedonia,MKD,2010,9.7,13412.3128319948,2070737.0,Europe
Slovakia,SVK,2010,23.1,25417.8123610242,5404293.0,Europe
Nigeria,NGA,2010,10.53510562,4932.33479996173,158503203.0,Africa
Russia,RUS,2010,25.69390194,23961.2202930302,143479273.0,Europe
Sweden,SWE,2010,41.1,47791.3715245947,9390157.0,Europe
France,FRA,2010,35.3,42147.6716766942,62879535.0,Europe
Switzerland,CHE,2010,31.3,65819.7372527487,7808674.0,Europe
Cambodia,KHM,2010,2.833942987,2716.69973756029,14312205.0,Asia
United Kingdom,GBR,2010,30.9,42089.0136357977,63459801.0,Europe
Netherlands,NLD,2010,36.1,52032.9865022429,16682927.0,Europe
Finland,FIN,2010,39.5,45874.6613021399,5365784.0,Europe
Spain,ESP,2010,22.6,37319.4762230353,46931011.0,Europe
Brazil,BRA,2010,12.00075542,14873.2083173363,195713637.0,South America
Estonia,EST,2010,34.5,26133.3818108942,1332103.0,Europe
Cyprus,CYP,2010,20.8,38379.0903965443,1112617.0,Europe
Tanzania,TZA,2010,8.525647089,2006.97132607023,44346532.0,Africa
Poland,POL,2010,25.2,23996.1397804791,38329784.0,Europe
Singapore,SGP,2010,12.20643675,78294.0314218674,5131170.0,Asia
Belgium,BEL,2010,34.6,47971.6303134944,10938735.0,Europe
Portugal,PRT,2010,17.7,31798.1538079411,10596055.0,Europe
Czechia,CZE,2010,23.5,33483.137594809,10536514.0,Europe
Peru,PER,2010,13.98925341,10066.4675664813,29027680.0,South America
Bermuda,BMU,2010,28.87493964,88399.9159492493,65388.0,North America
Slovenia,SVN,2010,27.0,33355.8476287757,2043336.0,Europe
Rwanda,RWA,2010,6.539706576,1507.16501035777,10039338.0,Africa
Croatia,HRV,2010,24.6,24280.6026929712,4328163.0,Europe
Denmark,DNK,2010,46.2,50825.4122929358,5554849.0,Europe
Panama,PAN,2010,14.66153913,21343.3049948781,3642691.0,North America
Ecuador,ECU,2010,12.12348666,10340.9702972165,15011114.0,South America
South Korea,KOR,2010,23.8887144,34394.4904890551,49545638.0,Asia
Austria,AUT,2010,36.0,51769.1455641151,8409945.0,Europe
Puerto Rico,PRI,2010,23.05711871,32960.6911054053,3579842.0,North America
Bahamas,BHS,2010,17.73097958,36504.4070465871,354936.0,North America
Burundi,BDI,2010,5.771999952,846.169136789899,8675606.0,Africa
Latvia,LVA,2010,29.3,21023.9013349872,2118855.0,Europe
Zimbabwe,ZWE,2010,11.66068559,2458.22062578173,12697728.0,Africa
United States,USA,2010,26.71391296,54315.9124805391,309011469.0,North America
Luxembourg,LUX,2010,28.9,107703.453907485,507890.0,Europe
Ireland,IRL,2010,22.3,53725.033597612,4554330.0,Europe
Iceland,ISL,2010,31.2,47457.6229185836,320342.0,Europe
Malawi,MWI,2010,6.771263411,1350.59916998263,14539609.0,Africa
Italy,ITA,2010,30.3,42664.3552727925,59325232.0,Europe
Lithuania,LTU,2010,32.7,23942.7603567557,3123825.0,Europe
Hungary,HUN,2010,23.9,24427.6287331225,9927380.0,Europe
Japan,JPN,2010,32.37607956,37586.1671466567,128542349.0,Asia
Indonesia,IDN,2010,8.258493216,8286.7328696642,241834226.0,Asia
Germany,DEU,2010,39.8,46929.9934093156,80827001.0,Europe
Malta,MLT,2010,21.5,32867.9400344911,414257.0,Europe
Greece,GRC,2010,20.3,33753.6177475922,10887640.0,Europe
Liechtenstein,LIE,2010,34.1718942,,35996.0,Europe
Mexico,MEX,2010,9.42463422,17790.0119218899,114092961.0,North America
Canada,CAN,2011,27.57617707,45822.5964338567,34539156.0,North America
Czechia,CZE,2011,23.7,34002.1897752206,10566512.0,Europe
Trinidad and Tobago,TTO,2011,19.21009515,28621.106512477,1336180.0,North America
Romania,ROU,2011,24.8,20792.173399081,20336718.0,Europe
Madagascar,MDG,2011,5.338500402,1534.9397058785,21743970.0,Africa
Malta,MLT,2011,22.1,32881.833840119,417720.0,Europe
Iceland,ISL,2011,30.9,48186.1672876621,323471.0,Europe
Hong Kong,HKG,2011,17.05879274,53472.9932695113,7006598.0,Asia
Croatia,HRV,2011,24.6,24316.2479790563,4313098.0,Europe
Turkey,TUR,2011,7.9,21932.2945704799,73443254.0,Asia
Cameroon,CMR,2011,15.14269148,3126.78623748453,20906392.0,Africa
Portugal,PRT,2011,19.1,31304.8155263075,10569388.0,Europe
Poland,POL,2011,25.2,25124.2763632735,38286824.0,Europe
Hungary,HUN,2011,29.9,24971.4773629145,9895689.0,Europe
Cyprus,CYP,2011,20.8,37562.4491443722,1124837.0,Europe
Congo,COG,2011,13.08864795,5141.18322685501,4394842.0,Africa
United States,USA,2011,27.53341675,54758.8332734292,311584051.0,North America
Senegal,SEN,2011,3.431717486,2757.07940494497,13033814.0,Africa
Iran,IRN,2011,7.161897448,14005.3133367405,74634959.0,Asia
Latvia,LVA,2011,30.9,22795.1977092386,2093606.0,Europe
Switzerland,CHE,2011,32.3,66342.0108170701,7906988.0,Europe
Sweden,SWE,2011,40.7,48947.4393112155,9466705.0,Europe
Albania,ALB,2011,8.274421193,11052.7904635136,2928601.0,Europe
Angola,AGO,2011,6.603705049,7675.44608452759,24220660.0,Africa
Australia,AUS,2011,24.4,45463.6819958564,22538002.0,Oceania
Spain,ESP,2011,22.9,36884.2592434253,47084242.0,Europe
Liberia,LBR,2011,12.64218118,1488.27727468377,4017446.0,Africa
Austria,AUT,2011,36.2,53102.950844304,8453501.0,Europe
South Africa,ZAF,2011,26.80193468,12666.7080162249,52003759.0,Africa
Macao,MAC,2011,15.21587642,140321.682809865,550833.0,Asia
Bangladesh,BGD,2011,1.735012545,3034.95108156758,149273134.0,Asia
Italy,ITA,2011,30.3,42892.3055641948,59589070.0,Europe
Belgium,BEL,2011,34.9,48153.9390923805,11013860.0,Europe
Slovakia,SVK,2011,24.4,26107.8287132195,5408932.0,Europe
Ireland,IRL,2011,21.7,53812.7947341444,4591115.0,Europe
Sint Maarten (Dutch part),SXM,2011,31.32876925,46392.8687508029,35050.0,North America
Botswana,BWA,2011,27.89102064,14770.4390405053,2015406.0,Africa
Luxembourg,LUX,2011,28.9,108010.708571327,519312.0,Europe
Brunei,BRN,2011,7.216026496,69388.8131973129,393687.0,Asia
Peru,PER,2011,13.7809745,10616.8436986492,29264314.0,South America
Bulgaria,BGR,2011,19.9,17966.1580585619,7378652.0,Europe
Slovenia,SVN,2011,27.6,33573.3355082877,2051277.0,Europe
Denmark,DNK,2011,44.0,51293.2061782002,5582980.0,Europe
Costa Rica,CRI,2011,11.2267724,17360.2015917797,4633086.0,North America
Lithuania,LTU,2011,34.2,25968.5834234521,3083402.0,Europe
Montenegro,MNE,2011,18.12663206,17287.4176362672,625271.0,Europe
Netherlands,NLD,2011,36.4,52594.2290064164,16738190.0,Europe
Uganda,UGA,2011,11.47346109,1972.31040257869,33476771.0,Africa
Estonia,EST,2011,34.9,28159.5802675351,1327701.0,Europe
Uruguay,URY,2011,23.52356194,20231.5731615788,3368926.0,South America
Germany,DEU,2011,40.1,49684.6130740715,80855629.0,Europe
Norway,NOR,2011,41.5,61157.1489347399,4948335.0,Europe
Ethiopia,ETH,2011,7.575711552,1360.93852243609,90139928.0,Africa
Mozambique,MOZ,2011,9.847700695,1073.4781338343,24187500.0,Africa
France,FRA,2011,34.2,42864.0189689606,63222229.0,Europe
Greece,GRC,2011,20.4,30372.7605650238,10829074.0,Europe
United Kingdom,GBR,2011,31.3,42294.1204630137,64021922.0,Europe
North Macedonia,MKD,2011,9.7,13714.575216367,2072484.0,Europe
Nepal,NPL,2011,4.894019557,2793.02473367277,27041220.0,Asia
Finland,FIN,2011,40.1,46825.8248388831,5390036.0,Europe
Spain,ESP,2012,23.2,35769.4600345792,47063059.0,Europe
Portugal,PRT,2012,19.3,30156.7015822628,10526308.0,Europe
Ireland,IRL,2012,21.9,53653.7347728881,4608199.0,Europe
Bulgaria,BGR,2012,21.6,18134.9608435703,7334007.0,Europe
Jordan,JOR,2012,4.350425966,10688.2893436103,8089963.0,Asia
Croatia,HRV,2012,24.6,23807.3155946951,4295869.0,Europe
Benin,BEN,2012,10.26512972,2759.84825577488,9729254.0,Africa
Luxembourg,LUX,2012,33.3,105075.9610942,530855.0,Europe
Cote d'Ivoire,CIV,2012,12.17714645,3692.64764324942,21547188.0,Africa
Gabon,GAB,2012,22.42201356,15082.6565608753,1749677.0,Africa
Estonia,EST,2012,36.0,29139.5270164549,1323163.0,Europe
Niger,NER,2012,3.192584473,1085.54282809398,17795209.0,Africa
Comoros,COM,2012,4.910657195,2946.20222437818,723865.0,Africa
Austria,AUT,2012,36.5,53221.0786648309,8502230.0,Europe
Rwanda,RWA,2012,7.396382111,1682.20649117176,10549668.0,Africa
North Macedonia,MKD,2012,9.6,13640.2240111418,2074275.0,Europe
Romania,ROU,2012,25.2,21311.1336338426,20227467.0,Europe
Finland,FIN,2012,40.2,45952.246383366,5414769.0,Europe
Iceland,ISL,2012,31.1,48440.2550840897,325642.0,Europe
Tajikistan,TJK,2012,2.959290743,2637.65426734355,7874838.0,Asia
Burundi,BDI,2012,6.191147209,862.715712963336,9245992.0,Africa
Sao Tome and Principe,STP,2012,16.81598743,3461.32746033286,188394.0,Africa
Hungary,HUN,2012,31.0,24754.2259132575,9864363.0,Europe
United States,USA,2012,27.40907097,55581.4138435205,314043885.0,North America
Slovakia,SVK,2012,24.7,26557.7913824185,5414894.0,Europe
Slovenia,SVN,2012,28.9,32618.6088809723,2057826.0,Europe
Malta,MLT,2012,22.6,33929.3399168818,421809.0,Europe
Greece,GRC,2012,20.6,28374.676952114,10781119.0,Europe
Peru,PER,2012,12.90604962,11176.0867152669,29506790.0,South America
Czechia,CZE,2012,27.2,33688.0998344582,10581302.0,Europe
Guinea,GIN,2012,4.531494181,2002.32168675994,10652032.0,Africa
Latvia,LVA,2012,30.7,24060.9857720536,2069018.0,Europe
Italy,ITA,2012,31.6,41501.7112309705,59879469.0,Europe
Haiti,HTI,2012,9.885876923,2833.77773410353,10250922.0,North America
Lithuania,LTU,2012,35.2,27330.8959483858,3045561.0,Europe
Germany,DEU,2012,40.2,49798.9676727479,80972629.0,Europe
Switzerland,CHE,2012,31.9,66440.2870236648,8008006.0,Europe
Honduras,HND,2012,6.687692161,5065.45699900649,8640692.0,North America
Cyprus,CYP,2012,20.7,35719.3218041179,1135046.0,Europe
Poland,POL,2012,24.4,25457.2064583733,38227033.0,Europe
Belgium,BEL,2012,34.9,48209.991519122,11085355.0,Europe
Denmark,DNK,2012,44.2,51216.309409926,5610909.0,Europe
Mayotte,MYT,2012,14.71089508,,221147.0,Africa
Tanzania,TZA,2012,8.428410158,2128.5289303179,47053033.0,Africa
Netherlands,NLD,2012,36.7,51860.0559942119,16791850.0,Europe
Turkey,TUR,2012,8.6,22610.6827736227,74651046.0,Asia
France,FRA,2012,34.7,42790.6328838388,63564224.0,Europe
Mali,MLI,2012,3.206061544,2007.80692981945,15979492.0,Africa
Norway,NOR,2012,41.2,61990.7116232878,5013716.0,Europe
Sweden,SWE,2012,40.8,48300.8425001578,9542817.0,Europe
United Kingdom,GBR,2012,29.0,42601.828409576,64525300.0,Europe
Serbia,SRB,2013,22.2,15399.7829147623,8918892.0,Europe
Slovenia,SVN,2013,29.7,32239.0845573446,2063120.0,Europe
Luxembourg,LUX,2013,32.9,106427.456256053,542554.0,Europe
Nigeria,NGA,2013,15.77620659,5329.12151659822,171765819.0,Africa
Finland,FIN,2013,40.3,45328.5753218041,5438984.0,Europe
Sierra Leone,SLE,2013,3.997689256,1953.08836410675,6863975.0,Africa
Italy,ITA,2013,32.5,40268.1127892773,60166828.0,Europe
Lithuania,LTU,2013,36.6,28589.0266601627,3008938.0,Europe
Zambia,ZMB,2013,7.17199096,3399.70229437249,14926551.0,Africa
Namibia,NAM,2013,17.44637043,9990.74583093369,2233506.0,Africa
Belgium,BEL,2013,34.5,48203.6526833001,11154008.0,Europe
Yemen,YEM,2013,1.866618848,,25147112.0,Asia
Austria,AUT,2013,36.7,52921.8171022969,8556191.0,Europe
Slovakia,SVK,2013,23.5,26706.0951054998,5421721.0,Europe
United States,USA,2013,27.4132576,56214.4286771294,316400539.0,North America
Germany,DEU,2013,40.2,49880.5735214304,81174373.0,Europe
Ireland,IRL,2013,22.1,54026.7560325486,4615426.0,Europe
New Zealand,NZL,2013,23.53930473,39599.1882952181,4518519.0,Oceania
Dominican Republic,DOM,2013,14.33210278,13702.3212058786,10048226.0,North America
Netherlands,NLD,2013,37.0,51640.0766862304,16843512.0,Europe
Norway,NOR,2013,41.3,61878.9944110006,5079460.0,Europe
Latvia,LVA,2013,30.4,24881.9087718444,2044950.0,Europe
Poland,POL,2013,24.3,25759.339150716,38158043.0,Europe
Cyprus,CYP,2013,20.8,33456.2890881726,1143866.0,Europe
Sweden,SWE,2013,41.8,48462.1600029489,9618016.0,Europe
Senegal,SEN,2013,6.465171934,2777.11176906606,13782429.0,Africa
Philippines,PHL,2013,4.967869184,6666.25051231347,98871558.0,Asia
Malta,MLT,2013,23.4,35287.4650790984,426144.0,Europe
Czechia,CZE,2013,27.8,33661.4684161727,10586529.0,Europe
Democratic Republic of Congo,COD,2013,7.253944633,972.455934329137,71358804.0,Africa
Gambia,GMB,2013,8.385145997,2131.43602743993,1963708.0,Africa
Greece,GRC,2013,25.7,27797.5447288899,10740501.0,Europe
Denmark,DNK,2013,45.1,51479.2664533017,5638152.0,Europe
Pakistan,PAK,2013,1.079464084,4069.26749773498,191260799.0,Asia
Hungary,HUN,2013,32.0,25284.3700544339,9833923.0,Europe
Croatia,HRV,2013,24.6,23766.9760398631,4276593.0,Europe
Liberia,LBR,2013,9.665428312,1652.18799366019,4248337.0,Africa
United Kingdom,GBR,2013,28.5,43242.5676679488,64984015.0,Europe
Estonia,EST,2013,36.0,29637.087377055,1319068.0,Europe
Bulgaria,BGR,2013,22.4,18296.146891746,7290092.0,Europe
North Macedonia,MKD,2013,9.6,14027.1309671367,2076065.0,Europe
Switzerland,CHE,2013,31.7,66877.1630488424,8108876.0,Europe
Romania,ROU,2013,26.0,22197.0383343645,20132780.0,Europe
France,FRA,2013,35.2,42816.2714819044,63893521.0,Europe
Portugal,PRT,2013,20.0,30042.8907185982,10473025.0,Europe
Spain,ESP,2013,23.5,35371.7398181963,46930554.0,Europe
Iceland,ISL,2013,29.3,50168.6885349698,327194.0,Europe
Kenya,KEN,2014,19.29013718,3709.15256291153,46700063.0,Africa
Italy,ITA,2014,32.9,39898.5264609826,60409622.0,Europe
Spain,ESP,2014,24.6,35968.6201369865,46777927.0,Europe
Sweden,SWE,2014,41.7,49258.9961639539,9692137.0,Europe
France,FRA,2014,35.4,43021.3946358903,64193550.0,Europe
Latvia,LVA,2014,32.3,25387.0076467731,2021220.0,Europe
Austria,AUT,2014,37.0,52857.0563215416,8615205.0,Europe
Netherlands,NLD,2014,36.9,52186.9973861206,16892517.0,Europe
Lesotho,LSO,2014,20.66342329,2639.4458245507,2043448.0,Africa
United States,USA,2014,27.74103546,57213.2678405623,318673422.0,North America
Switzerland,CHE,2014,36.5,67682.6861750714,8206003.0,Europe
Denmark,DNK,2014,45.0,52048.3354927846,5664199.0,Europe
Slovenia,SVN,2014,29.2,33098.9441619924,2067487.0,Europe
Malawi,MWI,2014,9.031598612,1432.05512176522,16289550.0,Africa
Ghana,GHA,2014,25.87767982,4670.24489811829,27224480.0,Africa
Hungary,HUN,2014,32.3,26424.7204043413,9804991.0,Europe
Portugal,PRT,2014,21.4,30444.6002091947,10418224.0,Europe
Croatia,HRV,2014,24.6,23782.5024628678,4255518.0,Europe
Turkey,TUR,2014,13.8,24881.7277916793,77229262.0,Asia
Estonia,EST,2014,36.0,30602.5954941753,1316273.0,Europe
Norway,NOR,2014,40.6,62390.1497031613,5142269.0,Europe
United Kingdom,GBR,2014,28.7,44154.1056092436,65423048.0,Europe
Cyprus,CYP,2014,20.8,33207.7707129666,1152297.0,Europe
Egypt,EGY,2014,6.478594966,10353.6668042394,90424668.0,Africa
Czechia,CZE,2014,27.9,34386.7049143977,10591104.0,Europe
Malta,MLT,2014,24.2,37230.2783945938,430190.0,Europe
Greece,GRC,2014,25.7,28178.6902062824,10701460.0,Europe
Poland,POL,2014,24.4,26649.577276004,38091095.0,Europe
Bangladesh,BGD,2014,1.738486814,3511.64550625961,154517385.0,Asia
Romania,ROU,2014,26.8,23084.3747760397,20035928.0,Europe
Serbia,SRB,2014,22.3,15226.3201716299,8898284.0,Europe
Lithuania,LTU,2014,36.0,29855.8314910326,2971498.0,Europe
Ireland,IRL,2014,21.4,58267.4122658082,4626852.0,Europe
Slovakia,SVK,2014,25.7,27384.9718145418,5428798.0,Europe
Belgium,BEL,2014,34.3,48747.6770466387,11221225.0,Europe
Finland,FIN,2014,40.8,44976.7764487708,5461410.0,Europe
Uganda,UGA,2014,11.51306933,2022.29482007632,36911530.0,Africa
Togo,TGO,2014,15.65110089,1863.28189425443,7137997.0,Africa
Germany,DEU,2014,40.5,50770.6134878236,81450370.0,Europe
Luxembourg,LUX,2014,33.3,108414.751923468,554512.0,Europe
Bulgaria,BGR,2014,24.2,18747.370050962,7245648.0,Europe
Burkina Faso,BFA,2014,6.640298513,1907.94921260654,17586029.0,Africa
Iceland,ISL,2014,29.3,50450.7416120996,328592.0,Europe
Cambodia,KHM,2014,3.37234042,3364.27806867374,15274506.0,Asia
North Macedonia,MKD,2014,9.7,14524.1946989175,2077780.0,Europe
Senegal,SEN,2014,6.380374024,2868.31587705101,14174740.0,Africa
Turkey,TUR,2015,14.3,25958.6407622392,78529413.0,Asia
Tanzania,TZA,2015,9.632193152,2354.13898543629,51482638.0,Africa
United States,USA,2015,27.98526382,58540.2960929977,320878312.0,North America
United Kingdom,GBR,2015,28.7,44840.7826443684,65860149.0,Europe
Switzerland,CHE,2015,37.5,68025.9200383988,8296775.0,Europe
Afghanistan,AFG,2015,0.189425072,2068.26590413364,34413603.0,Asia
Kenya,KEN,2015,21.60137431,3824.75930317654,47878339.0,Africa
North Macedonia,MKD,2015,9.7,15072.9475418471,2079335.0,Europe
Nigeria,NGA,2015,11.50747296,5514.77027265177,181137454.0,Africa
Netherlands,NLD,2015,37.4,52974.1162200949,16938492.0,Europe
Mexico,MEX,2015,10.08021791,19268.9143963283,121858251.0,North America
Malta,MLT,2015,25.2,39845.1145672313,433559.0,Europe
Malawi,MWI,2015,6.446656931,1432.08525892858,16745305.0,Africa
Luxembourg,LUX,2015,33.0,110446.086101647,566741.0,Europe
Lithuania,LTU,2015,37.7,30748.1963109529,2931872.0,Europe
Latvia,LVA,2015,31.0,26621.2722286526,1997675.0,Europe
Japan,JPN,2015,34.5345993,39777.5310167672,127985139.0,Asia
Italy,ITA,2015,32.1,40247.8290437942,60578489.0,Europe
Ireland,IRL,2015,22.8,72251.1535363159,4652420.0,Europe
Iceland,ISL,2015,31.1,52142.9328074888,330237.0,Europe
Hungary,HUN,2015,33.0,27499.3244662857,9777925.0,Europe
Guatemala,GTM,2015,4.326958785,8125.65553391647,16252425.0,North America
Greece,GRC,2015,25.7,28248.1259561464,10659737.0,Europe
Germany,DEU,2015,41.2,51083.9216615196,81787411.0,Europe
France,FRA,2015,35.9,43345.7864281559,64453194.0,Europe
Finland,FIN,2015,40.9,45072.5902146238,5481128.0,Europe
Estonia,EST,2015,36.3,31146.7545222679,1315330.0,Europe
Denmark,DNK,2015,45.0,52892.6460290247,5688695.0,Europe
Czechia,CZE,2015,27.9,36168.4185553861,10601390.0,Europe
Cyprus,CYP,2015,20.7,34472.2985065115,1160987.0,Europe
Croatia,HRV,2015,24.6,24562.453617545,4232874.0,Europe
Colombia,COL,2015,11.1259082,14095.748356648,47520667.0,South America
Chad,TCD,2015,7.732240271,1857.10786365964,14110971.0,Africa
Bulgaria,BGR,2015,28.9,19620.1539761978,7199739.0,Europe
Belgium,BEL,2015,34.6,49455.4413365318,11287931.0,Europe
Austria,AUT,2015,37.2,52798.0994607541,8678667.0,Europe
Norway,NOR,2015,44.3,62987.5358625454,5199827.0,Europe
Poland,POL,2015,24.7,27797.0584233597,38034076.0,Europe
Zimbabwe,ZWE,2015,12.37347575,3198.982128793,13814642.0,Africa
Slovakia,SVK,2015,23.1,28676.2656111842,5435614.0,Europe
Rwanda,RWA,2015,8.15135476,1889.15810576486,11369066.0,Africa
Senegal,SEN,2015,7.22030784,2966.45534736483,14578450.0,Africa
Romania,ROU,2015,28.0,23878.1885373067,19925182.0,Europe
Serbia,SRB,2015,22.3,15578.2028500791,8876777.0,Europe
Slovenia,SVN,2015,29.3,33805.030045384,2071199.0,Europe
Spain,ESP,2015,25.2,37377.068016704,46671919.0,Europe
Sweden,SWE,2015,41.6,50928.962975552,9764949.0,Europe
Portugal,PRT,2015,21.8,31118.7906703279,10368346.0,Europe
Serbia,SRB,2016,22.3,16182.8216850199,8853963.0,Europe
Luxembourg,LUX,2016,27.6,113035.834714458,579266.0,Europe
Ethiopia,ETH,2016,7.521216404,1894.89736397042,103603461.0,Africa
Slovenia,SVN,2016,30.3,34858.5119502257,2074205.0,Europe
Lithuania,LTU,2016,38.7,31925.8034212317,2889555.0,Europe
Slovakia,SVK,2016,22.2,29250.1180428621,5442001.0,Europe
Cyprus,CYP,2016,20.8,36523.7332079973,1170189.0,Europe
Greece,GRC,2016,25.7,28226.9072784414,10615183.0,Europe
Latvia,LVA,2016,31.0,27503.1773004104,1974265.0,Europe
Estonia,EST,2016,38.0,32130.3008763844,1316507.0,Europe
Senegal,SEN,2016,8.378523978,3067.66557684345,14993514.0,Africa
Czechia,CZE,2016,28.4,37014.9592935816,10618868.0,Europe
Croatia,HRV,2016,24.6,25599.8436234435,4208611.0,Europe
Iceland,ISL,2016,31.0,54665.7639158138,332209.0,Europe
Finland,FIN,2016,41.3,46206.7878130494,5497714.0,Europe
Ireland,IRL,2016,23.5,72864.4891443774,4695790.0,Europe
Italy,ITA,2016,32.4,40837.7376281437,60663068.0,Europe
Denmark,DNK,2016,44.8,54185.0084787703,5711346.0,Europe
Switzerland,CHE,2016,37.8,68663.2438230835,8379915.0,Europe
France,FRA,2016,35.7,43705.1475593257,64667590.0,Europe
Belgium,BEL,2016,34.1,49828.9629137518,11354407.0,Europe
Poland,POL,2016,24.8,28682.6939326326,37989218.0,Europe
Turkey,TUR,2016,14.8,26385.0019383343,79827868.0,Asia
Angola,AGO,2016,10.81314627,7568.99816818809,28842482.0,Africa
Australia,AUS,2016,24.9918519,48197.431189174,24262710.0,Oceania
Sweden,SWE,2016,41.9,51334.4320301641,9836003.0,Europe
Norway,NOR,2016,44.8,63104.1003947269,5250950.0,Europe
Portugal,PRT,2016,21.8,31847.5377347647,10325540.0,Europe
Austria,AUT,2016,37.0,53269.3062047537,8747306.0,Europe
Uganda,UGA,2016,13.68012832,2075.01166590088,39649173.0,Africa
North Macedonia,MKD,2016,9.7,15491.7435930236,2080746.0,Europe
Hungary,HUN,2016,33.8,28170.8213622975,9752970.0,Europe
Spain,ESP,2016,25.4,38477.5791805612,46634131.0,Europe
Netherlands,NLD,2016,37.8,53847.8265545448,16981285.0,Europe
Nepal,NPL,2016,6.447971739,3315.8144141419,27263430.0,Asia
Myanmar,MMR,2016,5.354498397,4482.92679957997,53045199.0,Asia
Romania,ROU,2016,29.3,25145.0133479761,19796280.0,Europe
Bulgaria,BGR,2016,30.6,20513.10095142,7151948.0,Europe
United Kingdom,GBR,2016,29.7,45268.7304537314,66297944.0,Europe
United States,USA,2016,28.12611771,59112.2422096532,323015992.0,North America
Burundi,BDI,2016,6.042050951,794.60427137057,10488002.0,Africa
Malta,MLT,2016,25.8,40536.7181783198,436099.0,Europe
Germany,DEU,2016,40.8,51803.2354226767,82193770.0,Europe
Slovenia,SVN,2017,29.7,36505.6772178798,2076395.0,Europe
Finland,FIN,2017,41.6,47570.133583848,5511372.0,Europe
United States,USA,2017,27.92812729,60109.6557260477,325084758.0,North America
Poland,POL,2017,24.9,30064.5034841771,37953176.0,Europe
Denmark,DNK,2017,43.4,55356.680780178,5732277.0,Europe
Czechia,CZE,2017,28.3,38824.8879170919,10641032.0,Europe
Cyprus,CYP,2017,20.8,38050.8577356233,1179685.0,Europe
Switzerland,CHE,2017,37.9,69103.570264696,8455797.0,Europe
Spain,ESP,2017,25.6,39528.9253872668,46647425.0,Europe
Bulgaria,BGR,2017,31.0,21387.2766420381,7102452.0,Europe
Belgium,BEL,2017,34.0,50442.2705419623,11419752.0,Europe
Austria,AUT,2017,37.0,54169.9639937065,8819902.0,Europe
Estonia,EST,2017,39.7,33856.1811147559,1319389.0,Europe
Croatia,HRV,2017,24.3,26800.118975807,4182846.0,Europe
Greece,GRC,2017,25.7,28645.0436174422,10569449.0,Europe
Sweden,SWE,2017,41.2,51947.9542478244,9904895.0,Europe
Romania,ROU,2017,29.1,27141.9193326803,19653966.0,Europe
Lithuania,LTU,2017,38.7,33761.871239796,2845419.0,Europe
France,FRA,2017,36.0,44577.0645745394,64842513.0,Europe
Latvia,LVA,2017,33.0,28650.0077575999,1951097.0,Europe
Malta,MLT,2017,26.3,42644.0508459903,437935.0,Europe
United Kingdom,GBR,2017,29.9,45744.7104907571,66727463.0,Europe
Italy,ITA,2017,32.3,41581.120790548,60673694.0,Europe
Ireland,IRL,2017,24.3,78655.6261932149,4753281.0,Europe
Serbia,SRB,2017,22.4,16611.0168589401,8829623.0,Europe
Netherlands,NLD,2017,38.1,55088.6338006744,17021343.0,Europe
Luxembourg,LUX,2017,25.7,112308.17379315,591914.0,Europe
Hungary,HUN,2017,33.8,29465.1262413898,9729822.0,Europe
Portugal,PRT,2017,22.4,33044.7167387479,10288527.0,Europe
North Macedonia,MKD,2017,9.6,15649.9274193472,2081996.0,Europe
Slovakia,SVK,2017,22.3,30077.8455329271,5447903.0,Europe
Norway,NOR,2017,47.0,64050.7561654656,5296324.0,Europe
Germany,DEU,2017,41.5,52952.8750212389,82658409.0,Europe
Turkey,TUR,2017,15.3,27913.8187158996,81116451.0,Asia
Portugal,PRT,2018,23.1,34040.7255617749,10256192.0,Europe
Romania,ROU,2018,29.2,28523.4731832065,19506110.0,Europe
Austria,AUT,2018,37.2,55297.6182880367,8891383.0,Europe
Spain,ESP,2018,25.5,40312.5475864011,46692863.0,Europe
Malta,MLT,2018,26.9,43313.4770253615,439255.0,Europe
Bulgaria,BGR,2018,33.3,22208.4522754771,7051610.0,Europe
Norway,NOR,2018,45.8,64341.2589026158,5337960.0,Europe
Netherlands,NLD,2018,38.3,56060.9136269404,17059560.0,Europe
Belgium,BEL,2018,34.7,51110.9584679336,11482180.0,Europe
France,FRA,2018,36.2,45251.9054105957,64990512.0,Europe
Lithuania,LTU,2018,37.7,35427.4618636641,2801270.0,Europe
Finland,FIN,2018,43.0,48130.2923921114,5522585.0,Europe
Germany,DEU,2018,41.7,53463.4014817389,83124413.0,Europe
United States,USA,2018,28.01247787,61585.7560382102,327096263.0,North America
Poland,POL,2018,25.0,31674.1316243417,37921585.0,Europe
Greece,GRC,2018,25.7,29150.6944922443,10522244.0,Europe
Estonia,EST,2018,40.3,35208.0239637019,1322913.0,Europe
Hungary,HUN,2018,33.2,31095.557503677,9707502.0,Europe
Luxembourg,LUX,2018,33.6,113589.670473448,604244.0,Europe
Serbia,SRB,2018,22.3,17452.7958990327,8802741.0,Europe
Denmark,DNK,2018,44.1,56281.2888680368,5752131.0,Europe
Czechia,CZE,2018,28.7,39932.992193117,10665679.0,Europe
Italy,ITA,2018,32.6,42052.5563822519,60627291.0,Europe
Sweden,SWE,2018,42.5,52349.2924275599,9971630.0,Europe
Switzerland,CHE,2018,38.1,70663.4875973954,8525614.0,Europe
Cyprus,CYP,2018,20.8,39559.4879646749,1189262.0,Europe
Croatia,HRV,2018,24.4,27799.8433225132,4156407.0,Europe
Slovenia,SVN,2018,29.6,37968.3520620285,2077835.0,Europe
Latvia,LVA,2018,35.0,30036.0865499334,1928461.0,Europe
